first,last,email,gender,dob,ip_address
Fevroniya,Ilyuk,fevroniya.ilyuk@example.com,female,2001-07-22,89.253.175.187
Iolita,Duarte,iolita.duarte@example.com,female,1980-12-13,3.35.20.239
Samuel,Cooper,samuel.cooper@example.com,male,1987-09-17,152.147.188.115
Zoran,Lucas,zoran.lucas@example.com,male,1992-07-10,82.149.82.200
Aurora,Jones,aurora.jones@example.com,female,1982-10-02,158.168.147.234
Kristine,Laumann,kristine.laumann@example.com,female,1992-11-02,215.171.20.179
Bob,Johnson,bob.johnson@example.com,male,1997-11-04,85.192.240.73
Cameron,Washington,cameron.washington@example.com,male,1982-01-02,203.72.90.237
Emily,Møller,emily.moller@example.com,female,1998-01-31,247.236.178.209
Richel,Keppel,richel.keppel@example.com,male,2003-06-06,110.213.70.217
Borivoje,Šakić,borivoje.sakic@example.com,male,1997-09-22,105.250.190.18
Jakob,Schult,jakob.schult@example.com,male,1985-12-10,196.223.234.127
Maëlia,Deschamps,maelia.deschamps@example.com,female,2002-05-03,101.135.82.63
Deborah,Davis,deborah.davis@example.com,female,1999-01-04,200.130.108.166
Latife,Sarıoğlu,latife.sarioglu@example.com,female,2007-05-30,244.170.134.18
Thea,Wang,thea.wang@example.com,female,1984-03-14,170.135.239.201
شایان,حسینی,shyn.hsyny@example.com,male,1980-12-01,106.93.94.255
Owen,Franklin,owen.franklin@example.com,male,2008-08-12,142.106.188.17
Agustín,Alemán,agustin.aleman@example.com,male,1982-04-15,155.42.70.194
Elzeário,Costa,elzeario.costa@example.com,male,2004-03-01,99.115.144.59
Loan,Petit,loan.petit@example.com,male,1989-07-20,176.161.196.113
Geessien,Van Wissen,geessien.vanwissen@example.com,female,2008-09-25,49.85.34.144
Emilio,Denis,emilio.denis@example.com,male,2007-03-18,184.52.98.17
Reema,Mardhekar,reema.mardhekar@example.com,female,2006-09-24,149.224.188.103
Armando,Willis,armando.willis@example.com,male,1981-11-25,87.182.4.186
Oliver,Rasmussen,oliver.rasmussen@example.com,male,1983-10-03,202.238.116.145
Borja,Vidal,borja.vidal@example.com,male,1982-01-15,143.32.69.156
Aracema,Vieira,aracema.vieira@example.com,female,1992-05-16,59.37.185.13
Anton,Sørensen,anton.sorensen@example.com,male,1994-11-30,19.118.97.218
Pihla,Niska,pihla.niska@example.com,female,2007-04-28,36.2.123.111
Marcíntia,Nascimento,marcintia.nascimento@example.com,female,1998-06-28,145.55.66.64
Steven,Howard,steven.howard@example.com,male,1998-12-06,144.224.187.162
Anja,Ballestad,anja.ballestad@example.com,female,1998-07-18,58.33.70.124
Evertine,Van Damme,evertine.vandamme@example.com,female,1982-02-28,127.185.151.160
Gabriela,Kunert,gabriela.kunert@example.com,female,2006-02-24,73.151.88.228
Sanni,Autio,sanni.autio@example.com,female,1986-06-12,13.21.208.87
Valerio,Joly,valerio.joly@example.com,male,1980-05-22,155.158.228.135
Selma,Kunkel,selma.kunkel@example.com,female,2001-01-05,130.222.92.32
Kassandra,Kuchma,kassandra.kuchma@example.com,female,2003-05-28,52.123.177.191
Tanmay,Suvarna,tanmay.suvarna@example.com,male,1992-03-09,114.66.158.81
Emma,Brown,emma.brown@example.com,female,1984-01-11,53.224.214.99
Willard,Young,willard.young@example.com,male,1991-03-04,107.231.102.1
Svitodar,Gunko,svitodar.gunko@example.com,male,1985-09-06,167.55.169.81
Leon,Rodriguez,leon.rodriguez@example.com,male,1993-05-24,70.184.64.126
Maurice,Leclercq,maurice.leclercq@example.com,male,2009-12-15,177.176.92.79
Angelino,Moraes,angelino.moraes@example.com,male,1999-08-03,138.154.80.140
Isla,Kumar,isla.kumar@example.com,female,1996-06-06,81.104.190.41
Frederikke,Thomsen,frederikke.thomsen@example.com,male,2004-04-11,91.118.13.118
Damaris,Dumont,damaris.dumont@example.com,female,2000-11-20,111.19.156.174
Maëlys,Blanchard,maelys.blanchard@example.com,female,1986-04-25,202.89.236.53
Harald,Rousseau,harald.rousseau@example.com,male,2005-08-08,27.104.244.97
Fernando,Watson,fernando.watson@example.com,male,2008-10-10,13.166.65.133
Landon,Day,landon.day@example.com,male,1984-09-02,126.93.74.49
Eelis,Kivisto,eelis.kivisto@example.com,male,1997-03-03,13.22.29.144
Lilly,Taylor,lilly.taylor@example.com,female,1989-02-23,205.165.220.159
Hugo,Walker,hugo.walker@example.com,male,2008-06-06,22.198.220.39
Zacarías,Zarate,zacarias.zarate@example.com,male,1980-04-30,4.60.15.178
Delphine,Tremblay,delphine.tremblay@example.com,female,1983-08-10,188.144.52.186
Philip,Olsen,philip.olsen@example.com,male,1984-09-28,219.227.84.160
Billy,Ditlefsen,billy.ditlefsen@example.com,male,1984-05-23,70.236.135.15
Charlie,George,charlie.george@example.com,male,1988-03-07,194.30.205.171
Jolan,Koert,jolan.koert@example.com,male,2006-10-28,48.157.164.112
Minea,Manner,minea.manner@example.com,female,1997-04-30,143.71.153.44
Nathan,Williams,nathan.williams@example.com,male,2008-08-22,40.18.235.6
Emilie,Johansen,emilie.johansen@example.com,female,2002-09-02,101.90.116.19
Mita,Vilotić,mita.vilotic@example.com,male,1982-05-28,22.70.60.213
Jay,Soto,jay.soto@example.com,male,1999-09-25,102.128.145.53
Pallavi,Bhat,pallavi.bhat@example.com,female,1981-10-19,234.229.140.247
Andre,Asbjørnsen,andre.asbjornsen@example.com,male,2007-04-28,210.196.43.232
Pratima,Kini,pratima.kini@example.com,female,1986-04-26,121.217.186.88
Silvana,Caron,silvana.caron@example.com,female,2008-10-16,224.123.193.155
Herédio,Novaes,heredio.novaes@example.com,male,1983-09-15,179.200.141.221
Wanda,Keller,wanda.keller@example.com,female,2003-06-09,25.199.35.245
Barry,Crawford,barry.crawford@example.com,male,1991-03-19,0.231.10.120
Jordan,Meunier,jordan.meunier@example.com,male,1989-02-04,213.16.197.93
Jonathan,Hansen,jonathan.hansen@example.com,male,1999-04-13,184.60.95.237
Johnny,Harrison,johnny.harrison@example.com,male,1983-03-13,225.35.16.7
Rick,Rivera,rick.rivera@example.com,male,1982-05-08,24.251.118.125
Florentine,Schult,florentine.schult@example.com,female,2000-04-29,53.195.10.80
Cord,Lutz,cord.lutz@example.com,male,1980-08-31,13.117.247.57
Lida,Rezende,lida.rezende@example.com,female,1990-11-10,133.175.29.16
Benjamin,Uithol,benjamin.uithol@example.com,male,1983-06-22,8.250.133.24
Josefina,Rubio,josefina.rubio@example.com,female,1995-05-06,178.102.106.48
Horacio,Menchaca,horacio.menchaca@example.com,male,1986-09-30,205.137.213.105
Brian,Sivertsen,brian.sivertsen@example.com,male,1981-02-01,144.52.110.25
Otto,Makinen,otto.makinen@example.com,male,1999-10-29,60.155.210.199
Silke,Johansen,silke.johansen@example.com,female,2006-08-16,107.203.92.218
Tracy,Fuller,tracy.fuller@example.com,female,1986-07-19,99.224.115.169
José María,Benavides,josemaria.benavides@example.com,male,2002-07-20,50.52.225.81
Cécile,Vervloet,cecile.vervloet@example.com,female,2000-04-20,59.143.54.54
Ludwina,Weigl,ludwina.weigl@example.com,female,1998-06-11,142.226.55.187
Patrick,Willis,patrick.willis@example.com,male,1992-11-14,207.113.40.193
Semirad,Vergun,semirad.vergun@example.com,male,1990-08-04,190.232.112.40
Virgil,Neal,virgil.neal@example.com,male,1989-12-24,213.216.223.34
Derk-Jan,Van Elderen,derk-jan.vanelderen@example.com,male,2006-11-29,76.229.0.199
Leo,Hudson,leo.hudson@example.com,male,2004-02-09,109.242.31.195
Gerhart,Korn,gerhart.korn@example.com,male,1996-02-15,70.219.188.102
Nicolas,Montero,nicolas.montero@example.com,male,2007-01-26,134.76.97.38
Ann,Obrien,ann.obrien@example.com,female,1983-06-19,227.161.16.230
Emil,Wallo,emil.wallo@example.com,male,2002-03-14,20.180.51.184
Christin,Kliem,christin.kliem@example.com,female,2008-09-05,205.13.179.216
Anna,Santiago,anna.santiago@example.com,female,2008-09-21,141.91.55.128
Ely,Ferreira,ely.ferreira@example.com,female,1982-01-20,2.21.182.62
Oona,Lassila,oona.lassila@example.com,female,2009-07-05,147.238.134.136
Alex,Johnson,alex.johnson@example.com,male,1986-11-08,65.65.196.74
Çetin,Kavaklıoğlu,cetin.kavaklioglu@example.com,male,1987-10-03,185.145.108.199
Gustav,Jørgensen,gustav.jorgensen@example.com,male,2003-10-11,50.21.62.196
Lea,Madsen,lea.madsen@example.com,female,1995-02-06,253.158.95.45
Jesus,Masson,jesus.masson@example.com,male,2005-10-29,71.211.177.147
Luis,Fontai,luis.fontai@example.com,male,2002-12-06,213.155.221.153
Poppy,Edwards,poppy.edwards@example.com,female,2008-07-30,250.161.104.134
Vincent,Thomas,vincent.thomas@example.com,male,2001-10-28,106.210.250.29
Fatmir,Lambert,fatmir.lambert@example.com,male,1980-10-27,129.153.73.22
Ladimir,Shiray,ladimir.shiray@example.com,male,1982-01-31,209.178.174.196
Mohamed,Grande,mohamed.grande@example.com,male,1982-01-12,42.200.159.137
Naja,Jørgensen,naja.jorgensen@example.com,female,1991-10-04,178.145.93.244
Jacob,Ambrose,jacob.ambrose@example.com,male,1987-11-05,82.94.172.57
Dolores,Lewis,dolores.lewis@example.com,female,1999-11-19,47.137.162.176
Vaibhavi,Bhoja,vaibhavi.bhoja@example.com,female,2009-06-01,146.242.145.6
Niilo,Nevala,niilo.nevala@example.com,male,1999-01-30,89.86.199.156
Yagnesh,Rai,yagnesh.rai@example.com,male,1991-11-11,195.39.43.99
Charlie,Coleman,charlie.coleman@example.com,male,1993-08-20,101.157.181.74
Maja,Vidić,maja.vidic@example.com,female,1985-05-23,120.155.87.30
Gunhild,Røssland,gunhild.rossland@example.com,female,2008-06-24,149.58.223.46
Edita,Pulles,edita.pulles@example.com,female,2002-07-26,46.237.168.244
Julio,Herrero,julio.herrero@example.com,male,2004-07-10,7.28.238.215
Alberto,Almonte,alberto.almonte@example.com,male,2005-06-09,10.218.105.53
Silje,Larsen,silje.larsen@example.com,female,2002-07-24,179.130.112.131
Tristan,Andersen,tristan.andersen@example.com,male,2004-11-07,22.180.12.140
Danilo,Teodosić,danilo.teodosic@example.com,male,1997-03-19,87.137.224.0
Cecil,Newman,cecil.newman@example.com,male,1991-01-10,241.65.172.205
Zvezdan,Ivanović,zvezdan.ivanovic@example.com,male,1991-11-22,96.227.79.195
Friedemann,Bonn,friedemann.bonn@example.com,male,1998-06-28,198.17.5.126
Mila,Lewis,mila.lewis@example.com,female,1998-12-06,167.237.215.231
Katie,Walker,katie.walker@example.com,female,2009-10-29,177.10.234.208
Roxane,Lefevre,roxane.lefevre@example.com,female,1993-08-17,217.10.255.190
Mariano,Robledo,mariano.robledo@example.com,male,1982-05-31,167.238.151.212
Uriel,Pulido,uriel.pulido@example.com,male,1982-04-08,103.182.26.78
Godefridus,Moed,godefridus.moed@example.com,male,1984-12-18,33.79.207.123
Pauline,Stephens,pauline.stephens@example.com,female,2002-05-08,251.208.220.81
Clara,Ross,clara.ross@example.com,female,1985-06-22,244.99.252.19
Nishitha,Belligatti,nishitha.belligatti@example.com,female,2009-06-26,229.133.227.40
Gundula,Poth,gundula.poth@example.com,female,1983-06-26,88.115.64.76
Océane,Lucas,oceane.lucas@example.com,female,1984-06-04,250.67.63.122
Bratislava,Ilić,bratislava.ilic@example.com,female,1990-11-08,137.27.168.126
Nolhan,Brun,nolhan.brun@example.com,male,1998-07-09,111.52.193.188
Eren,Koçoğlu,eren.kocoglu@example.com,male,2008-02-25,6.121.127.16
Maxime,Pelletier,maxime.pelletier@example.com,male,1980-01-03,125.122.118.207
Efe,Aybar,efe.aybar@example.com,male,2009-04-01,102.18.165.245
Fatima,Dill,fatima.dill@example.com,female,1981-08-10,84.111.254.187
Aparna,Mardhekar,aparna.mardhekar@example.com,female,1991-03-10,145.136.214.177
Clara,Christiansen,clara.christiansen@example.com,female,1997-06-03,104.217.241.135
Vladislav,Šijan,vladislav.sijan@example.com,male,2005-01-06,98.2.202.131
Sarah,Menard,sarah.menard@example.com,female,1988-05-29,46.18.33.29
Evan,Silva,evan.silva@example.com,male,1993-04-27,255.107.166.253
Harriet,Dohrmann,harriet.dohrmann@example.com,female,2003-11-03,31.233.37.52
Oya,Kunter,oya.kunter@example.com,female,1997-12-11,143.222.209.88
Yolanda,Ramírez,yolanda.ramirez@example.com,female,1985-12-27,239.102.29.18
Josif,Žikić,josif.zikic@example.com,male,2001-12-01,154.61.78.228
Eleanor,Freeman,eleanor.freeman@example.com,female,1991-02-06,180.132.55.51
Ella,Edwards,ella.edwards@example.com,female,1990-11-16,86.207.30.156
Olivier,Addy,olivier.addy@example.com,male,2000-04-20,149.47.149.246
Ina,Verkooijen,ina.verkooijen@example.com,female,1980-02-23,33.253.42.82
Bratislav,Ivanić,bratislav.ivanic@example.com,male,2001-01-18,29.218.153.28
Julie,Legrand,julie.legrand@example.com,female,2009-07-26,160.109.11.114
Brandon,Mitchelle,brandon.mitchelle@example.com,male,1993-10-04,162.147.59.188
Larisa,Omelyanenko,larisa.omelyanenko@example.com,female,1984-06-02,48.72.192.101
ستایش,یاسمی,stysh.ysmy@example.com,female,2009-02-07,59.123.7.231
Dustin,Nguyen,dustin.nguyen@example.com,male,1998-05-20,41.188.248.248
Violet,Jacobs,violet.jacobs@example.com,female,1997-10-18,172.1.211.44
Chris,Skogseth,chris.skogseth@example.com,male,1984-11-12,50.94.208.65
Aziz,Krieg,aziz.krieg@example.com,male,2002-07-08,99.44.194.215
Sofia,Johansen,sofia.johansen@example.com,female,1986-06-10,46.64.201.236
Jaxon,Harris,jaxon.harris@example.com,male,1998-05-05,66.196.240.161
Davut,Babacan,davut.babacan@example.com,male,2000-08-25,143.122.161.227
Rosmarie,Pierre,rosmarie.pierre@example.com,female,1984-12-25,59.21.187.117
Jean,Carpentier,jean.carpentier@example.com,male,2006-11-08,204.94.238.20
باران,حسینی,brn.hsyny@example.com,female,2007-05-14,121.137.159.55
Jasmine,Park,jasmine.park@example.com,female,2005-10-12,100.226.33.107
Bértil,Peixoto,bertil.peixoto@example.com,male,1990-12-05,125.102.109.92
Anton,Christiansen,anton.christiansen@example.com,male,1993-02-12,241.42.151.151
Ella,Johnston,ella.johnston@example.com,female,2001-05-26,252.53.200.100
Ivan,Philippe,ivan.philippe@example.com,male,2006-06-24,99.189.159.0
Elliot,Valvik,elliot.valvik@example.com,male,1984-02-03,245.100.39.58
Victoria,Reid,victoria.reid@example.com,female,1984-07-04,74.212.252.145
Ria,Eberle,ria.eberle@example.com,female,1987-09-12,227.17.230.54
طاها,كامياران,th.kmyrn@example.com,male,2007-12-20,152.91.5.255
Babür,Ayverdi,babur.ayverdi@example.com,male,1998-12-24,237.255.65.39
Sara,Jørgensen,sara.jorgensen@example.com,female,1995-10-01,148.49.42.237
Asta,Nielsen,asta.nielsen@example.com,female,1999-01-14,13.166.127.241
Mila,Li,mila.li@example.com,female,2001-12-05,67.60.54.231
Bendik,Malvik,bendik.malvik@example.com,male,2001-12-18,208.11.62.251
Lubomir,Kapetanović,lubomir.kapetanovic@example.com,male,1981-02-10,254.124.3.61
Bekir,Doeleman,bekir.doeleman@example.com,male,1991-07-18,28.167.151.250
Séléna,Marie,selena.marie@example.com,female,1984-08-21,76.250.75.111
Volodimira,Korkishko,volodimira.korkishko@example.com,female,1995-07-20,5.99.69.128
Lucille,Barnes,lucille.barnes@example.com,female,2005-03-29,115.116.24.154
Vildan,Çetiner,vildan.cetiner@example.com,female,2003-09-07,210.135.247.125
Mille,Nielsen,mille.nielsen@example.com,male,2004-10-12,193.164.72.77
Romana,Silva,romana.silva@example.com,female,2008-08-09,110.249.43.216
Sophie,Green,sophie.green@example.com,female,1986-03-03,128.93.96.52
Lene,Hannisdal,lene.hannisdal@example.com,female,1992-02-26,190.200.159.193
Arthur,Crawford,arthur.crawford@example.com,male,1995-12-15,106.83.245.233
Hailey,Miller,hailey.miller@example.com,female,1992-08-16,182.235.96.61
Aysel,Köhne,aysel.kohne@example.com,female,1987-06-23,197.123.206.190
میلاد,رضایی,myld.rdyy@example.com,male,1998-05-25,138.155.35.170
Ahmad,Underhaug,ahmad.underhaug@example.com,male,1986-01-04,236.153.209.99
Hugo,Adam,hugo.adam@example.com,male,1988-04-27,203.218.70.123
Holly,Richards,holly.richards@example.com,female,1992-08-25,154.38.47.162
Veeti,Jarvinen,veeti.jarvinen@example.com,male,2005-06-28,76.185.164.22
Jucélia,Nunes,jucelia.nunes@example.com,female,2000-03-11,116.253.60.227
Korneliya,Yachevskiy,korneliya.yachevskiy@example.com,female,2007-01-18,231.195.215.76
Inssaf,De Gier,inssaf.degier@example.com,female,1982-04-30,102.140.41.144
Karla,Larsen,karla.larsen@example.com,female,1996-09-06,183.115.192.238
Janaína,Pereira,janaina.pereira@example.com,female,1991-10-14,17.176.18.77
Pauline,Adam,pauline.adam@example.com,female,1999-08-26,28.224.234.59
Dominic,Wiechmann,dominic.wiechmann@example.com,male,1982-08-24,132.198.151.46
Giray,Tekelioğlu,giray.tekelioglu@example.com,male,1983-07-12,33.0.143.92
Katerina,Reiß,katerina.reiss@example.com,female,2000-01-14,34.36.167.138
Hardy,Janzen,hardy.janzen@example.com,male,1984-09-20,53.73.153.204
Colin,Rusten,colin.rusten@example.com,male,2000-09-30,215.180.152.212
Noah,Ross,noah.ross@example.com,male,1999-01-04,220.215.129.96
Sanja,Španović,sanja.spanovic@example.com,female,1991-11-03,183.98.76.121
Bella,Thomas,bella.thomas@example.com,female,1984-01-14,51.118.213.71
Yasin,Hagen,yasin.hagen@example.com,male,1987-08-13,111.123.216.60
Lily,Roberts,lily.roberts@example.com,female,2004-02-04,83.248.196.237
Logan,Harvey,logan.harvey@example.com,male,1995-10-19,110.26.42.55
Dino,Joly,dino.joly@example.com,male,2009-03-27,57.251.64.44
Anika,Suvarna,anika.suvarna@example.com,female,2007-07-03,200.193.196.203
Eren,Çatalbaş,eren.catalbas@example.com,male,2003-08-31,129.22.183.189
Eberardo,Lima,eberardo.lima@example.com,male,1991-08-02,131.128.166.9
Loretta,Graham,loretta.graham@example.com,female,2007-12-16,108.252.99.76
Viivi,Lakso,viivi.lakso@example.com,female,1989-08-20,151.26.73.242
Emilia,Rantanen,emilia.rantanen@example.com,female,2000-12-26,24.73.230.246
Celina,Arnold,celina.arnold@example.com,female,2004-05-03,10.94.151.151
Rui,Leroux,rui.leroux@example.com,male,2003-10-13,112.162.148.236
Mathew,Long,mathew.long@example.com,male,2004-01-05,17.75.36.18
Don,Brooks,don.brooks@example.com,male,2000-04-28,244.253.97.232
Rasmus,Petersen,rasmus.petersen@example.com,male,2007-04-22,125.227.212.206
Ine,Van Noort,ine.vannoort@example.com,female,1987-05-08,181.18.216.138
Dan,May,dan.may@example.com,male,1993-02-24,81.44.34.80
Irmelin,Idsø,irmelin.idso@example.com,female,2008-02-02,207.8.143.2
Goda,Skevik,goda.skevik@example.com,female,1981-09-04,171.247.151.180
Momčilo,Cvetković,momcilo.cvetkovic@example.com,male,1993-02-24,3.192.241.146
Maddison,Weaver,maddison.weaver@example.com,female,2000-09-29,222.112.237.46
Alma,Norland,alma.norland@example.com,female,1986-01-22,158.95.3.113
Ivano,Rolland,ivano.rolland@example.com,male,2002-05-12,117.61.54.38
Lorraine,Walters,lorraine.walters@example.com,female,1982-02-02,88.178.37.39
Siiri,Rintala,siiri.rintala@example.com,female,1991-02-22,3.236.20.235
Lambert,Marijnissen,lambert.marijnissen@example.com,male,1985-03-01,155.60.209.231
Marie,Andersen,marie.andersen@example.com,female,2003-01-11,68.1.90.85
Lada,Živadinović,lada.zivadinovic@example.com,female,2002-06-11,24.155.191.27
Anniken,Følstad,anniken.folstad@example.com,female,1991-04-06,198.48.65.11
Victoria,Bélanger,victoria.belanger@example.com,female,2004-11-22,183.245.234.243
Charles,Mackay,charles.mackay@example.com,male,1986-08-09,189.137.144.50
Socorro,Moreira,socorro.moreira@example.com,female,2002-06-01,154.229.8.186
Amelia,Mackay,amelia.mackay@example.com,female,2000-11-28,180.39.119.161
Abigail,Williams,abigail.williams@example.com,female,1994-12-25,160.175.227.15
Maxence,Le Gall,maxence.legall@example.com,male,1986-06-03,197.157.211.50
Ömür,Türkyılmaz,omur.turkyilmaz@example.com,female,1996-10-16,234.70.231.24
Remedios,Esteban,remedios.esteban@example.com,female,1987-10-19,53.38.79.237
Indira,Escobar,indira.escobar@example.com,female,2007-11-14,59.9.243.228
Elaine,Cruz,elaine.cruz@example.com,female,1996-03-12,115.223.184.73
Francesca,Martinez,francesca.martinez@example.com,female,1985-02-28,70.226.176.15
Amy,Roy,amy.roy@example.com,female,2009-10-06,248.225.48.82
Savannah,Wang,savannah.wang@example.com,female,2006-01-09,240.250.215.148
اميرمحمد,سالاری,myrmhmd.slry@example.com,male,2000-01-01,218.143.138.171
Leif,Pfeifer,leif.pfeifer@example.com,male,1984-05-21,138.245.132.176
Leah,Kvaløy,leah.kvaloy@example.com,female,1994-10-10,140.62.173.245
Pierre,Alber,pierre.alber@example.com,male,1993-01-07,113.13.129.138
Tanja,Bourgeois,tanja.bourgeois@example.com,female,1998-03-14,84.179.228.123
Esther,Ortega,esther.ortega@example.com,female,1986-09-10,156.163.227.135
Gaëtan,Berger,gaetan.berger@example.com,male,2000-04-19,187.73.75.29
Heidelinde,Schümann,heidelinde.schumann@example.com,female,2006-09-17,219.167.141.11
Josephine,Hatteland,josephine.hatteland@example.com,female,2004-05-25,8.70.179.236
Emmely,Versteeg,emmely.versteeg@example.com,female,1987-09-09,35.15.247.63
Hans-Georg,Röser,hans-georg.roser@example.com,male,2000-11-16,247.172.162.183
Jacob,Denys,jacob.denys@example.com,male,1984-11-30,48.158.150.26
Kelly,Soto,kelly.soto@example.com,male,1995-10-02,159.208.249.165
Gesina,Van Yperen,gesina.vanyperen@example.com,female,1998-01-22,200.53.70.69
آرمین,نجاتی,armyn.njty@example.com,male,2007-01-24,17.217.30.11
الینا,نكو نظر,lyn.nkwnzr@example.com,female,1994-05-01,238.148.245.156
Lea,Olsen,lea.olsen@example.com,female,1982-08-20,114.185.4.248
Fábio,Jesus,fabio.jesus@example.com,male,1999-05-03,134.96.125.212
Ceylan,Bayındır,ceylan.bayindir@example.com,female,1995-11-07,86.28.242.15
Zora,Cvetković,zora.cvetkovic@example.com,female,2004-06-28,214.241.29.138
مارال,سهيلي راد,mrl.shylyrd@example.com,female,1986-04-25,167.207.192.38
Melania,Žikić,melania.zikic@example.com,female,1995-11-03,241.114.219.43
Kylie,Vasquez,kylie.vasquez@example.com,female,1992-11-04,102.180.119.157
Benjamin,Christiansen,benjamin.christiansen@example.com,male,2007-02-28,237.166.244.134
Darren,Flores,darren.flores@example.com,male,2009-03-23,250.175.169.51
Krsto,Babić,krsto.babic@example.com,male,1987-05-10,225.146.212.31
Morris,Holt,morris.holt@example.com,male,2007-05-12,191.24.211.185
Gabriel,Bishop,gabriel.bishop@example.com,male,2004-03-29,141.222.55.120
Laurie,Slawa,laurie.slawa@example.com,female,1980-08-21,2.98.46.117
هستی,کامروا,hsty.khmrw@example.com,female,1997-09-22,145.19.73.83
Koray,Akbulut,koray.akbulut@example.com,male,1989-07-13,155.143.102.140
Bazhana,Shvedchenko,bazhana.shvedchenko@example.com,female,2008-12-03,77.180.116.158
Mathis,Lecomte,mathis.lecomte@example.com,male,1984-12-03,40.237.121.43
Dev,Andrade,dev.andrade@example.com,male,1992-01-09,3.113.225.158
Eckehard,Rupp,eckehard.rupp@example.com,male,1987-11-19,115.150.159.92
Morris,Welch,morris.welch@example.com,male,1987-04-21,48.234.224.27
Dragana,Blagojević,dragana.blagojevic@example.com,female,1999-03-12,214.31.107.184
Jackson,Taylor,jackson.taylor@example.com,male,1989-03-11,230.159.161.251
Marcus,Graves,marcus.graves@example.com,male,1986-05-28,3.101.178.13
Necati,Dağlaroğlu,necati.daglaroglu@example.com,male,1995-08-22,142.5.178.71
Falk,Berdal,falk.berdal@example.com,male,1996-06-24,27.111.42.79
Latife,Karaduman,latife.karaduman@example.com,female,1997-09-05,63.35.199.139
Victor,Poulsen,victor.poulsen@example.com,male,1981-11-06,112.153.178.34
Roland,Hudson,roland.hudson@example.com,male,1998-01-07,136.14.248.183
Ellen,Vargas,ellen.vargas@example.com,female,1991-05-02,44.188.183.16
Kassiane,Fernandes,kassiane.fernandes@example.com,female,1995-10-13,247.34.153.255
Tatiano,Rocha,tatiano.rocha@example.com,male,1994-11-02,89.47.33.113
Miriam,Benítez,miriam.benitez@example.com,female,1989-04-06,226.92.70.235
Scarlett,Thomas,scarlett.thomas@example.com,female,1999-11-16,218.138.120.27
Louise,Ribeiro,louise.ribeiro@example.com,female,1991-09-02,9.12.252.151
Julia,Lavoie,julia.lavoie@example.com,female,1998-07-19,171.160.80.38
Yusuf,Noel,yusuf.noel@example.com,male,2006-08-26,235.32.19.179
Ishita,Singh,ishita.singh@example.com,female,1986-04-13,125.154.218.124
Oliver,Ahonen,oliver.ahonen@example.com,male,1982-04-22,217.216.35.65
Penny,Wheeler,penny.wheeler@example.com,female,1995-04-18,57.55.62.151
Oğuzhan,Adan,oguzhan.adan@example.com,male,2009-09-12,80.141.149.244
Ramberto,da Mata,ramberto.damata@example.com,male,1989-08-08,51.254.213.68
Eugenia,Fajardo,eugenia.fajardo@example.com,female,1989-05-21,201.188.115.61
Tverdigost,Gisem,tverdigost.gisem@example.com,male,1985-08-17,240.60.174.56
Savitha,Belligatti,savitha.belligatti@example.com,female,1994-03-18,135.48.154.190
Naslav,Zhuravskiy,naslav.zhuravskiy@example.com,male,2005-02-16,30.124.138.72
Freja,Hval,freja.hval@example.com,female,1995-12-25,82.148.92.87
Anica,Blagojević,anica.blagojevic@example.com,female,1998-09-09,47.20.7.223
Matija,Rodić,matija.rodic@example.com,male,2005-04-07,25.42.123.10
Gertrude,Pierce,gertrude.pierce@example.com,female,1991-12-25,224.161.175.101
Chloe,Ouellet,chloe.ouellet@example.com,female,2004-10-02,108.23.85.150
Yarovid,Kozachok,yarovid.kozachok@example.com,male,1984-03-01,177.158.179.163
Armin,Schultes,armin.schultes@example.com,male,1989-01-06,115.147.180.3
Timian,Klemetsen,timian.klemetsen@example.com,male,1991-09-17,97.7.253.166
Elif,Yeşilkaya,elif.yesilkaya@example.com,female,2001-12-05,90.61.111.225
Maurice,Moreno,maurice.moreno@example.com,male,1992-04-01,66.241.90.240
Batista,Ferreira,batista.ferreira@example.com,male,2009-06-04,211.159.44.82
Arianna,Parker,arianna.parker@example.com,female,1990-02-26,250.152.59.219
Consuelo,Duran,consuelo.duran@example.com,female,2007-08-01,110.11.94.43
Frida,Thomsen,frida.thomsen@example.com,female,1997-04-08,26.71.119.192
سورنا,نجاتی,swrn.njty@example.com,male,1976-10-29,2.147.230.29
Liam,Moore,liam.moore@example.com,male,2009-10-31,50.237.115.101
Emir,Petit,emir.petit@example.com,male,1984-07-25,152.16.231.235
Slađana,Pištalo,sladana.pistalo@example.com,female,1982-06-30,83.230.39.228
Svetlana,Pejaković,svetlana.pejakovic@example.com,female,2009-05-09,129.39.231.102
Matthew,Gauthier,matthew.gauthier@example.com,male,1996-03-23,92.123.116.109
Tilde,Johansen,tilde.johansen@example.com,female,1989-09-26,225.214.207.43
Brooke,Edwards,brooke.edwards@example.com,female,2001-06-25,167.71.178.78
Elijah,Taylor,elijah.taylor@example.com,male,1987-08-04,17.23.246.206
Maurice,Peterson,maurice.peterson@example.com,male,1989-08-16,193.99.192.175
Rahul,Gamskar,rahul.gamskar@example.com,male,1990-07-01,21.203.109.37
Cassandra,Ross,cassandra.ross@example.com,female,1985-05-27,13.62.192.138
Elli,Makinen,elli.makinen@example.com,female,2003-11-09,173.117.167.231
Olivia,Pelletier,olivia.pelletier@example.com,female,1988-09-09,221.251.74.175
Benjamin,Bates,benjamin.bates@example.com,male,1984-08-12,255.92.168.49
Avery,Howell,avery.howell@example.com,female,1998-04-03,255.82.24.36
Henry,Clarke,henry.clarke@example.com,male,1986-03-27,156.93.165.107
Gaudência,Ferreira,gaudencia.ferreira@example.com,female,1982-12-14,5.139.181.60
Felipe,Rojas,felipe.rojas@example.com,male,1992-02-16,152.44.104.167
Thiago,Bertrand,thiago.bertrand@example.com,male,1994-05-06,29.60.134.114
Hetal,Kumar,hetal.kumar@example.com,female,1993-05-10,138.138.234.127
Suchita,Sullad,suchita.sullad@example.com,female,2001-09-28,237.93.35.211
Esperanza,Moya,esperanza.moya@example.com,female,1995-09-08,172.145.222.60
Addison,Gagné,addison.gagne@example.com,female,1998-01-09,182.86.159.89
کیانا,یاسمی,khyn.ysmy@example.com,female,1987-12-29,49.133.165.152
José Luis,Dueñas,joseluis.duenas@example.com,male,2007-09-06,72.66.77.149
Darcivana,da Cunha,darcivana.dacunha@example.com,female,2004-10-26,102.130.185.11
Selina,Martin,selina.martin@example.com,female,1994-12-02,30.124.201.198
رادین,کوتی,rdyn.khwty@example.com,male,2005-03-04,31.89.10.35
بهاره,سلطانی نژاد,bhrh.sltnynjd@example.com,female,2009-10-01,74.239.120.101
Finn,Martin,finn.martin@example.com,male,2006-07-10,13.25.19.106
Viivi,Hautala,viivi.hautala@example.com,female,2004-11-14,49.97.218.214
Caspian,Heggestad,caspian.heggestad@example.com,male,1994-08-26,63.32.231.168
Tuva,Nygard,tuva.nygard@example.com,female,2004-11-10,24.65.186.172
Brooke,Hamilton,brooke.hamilton@example.com,female,1999-08-05,105.46.120.207
Jesse,Pietila,jesse.pietila@example.com,male,2009-11-16,103.224.129.187
Ethan,Davies,ethan.davies@example.com,male,2003-08-13,60.135.203.92
Nurdan,Akgül,nurdan.akgul@example.com,female,2006-05-08,80.203.56.64
Diane,Romero,diane.romero@example.com,female,2009-02-26,227.191.16.76
مانی,زارعی,mny.zraay@example.com,male,1980-10-06,71.210.87.206
Rada,Baran,rada.baran@example.com,female,1996-05-09,85.248.125.174
Kristen,Andrews,kristen.andrews@example.com,female,1991-01-13,213.226.71.110
Antonia,Vázquez,antonia.vazquez@example.com,female,1984-10-20,192.31.172.75
Liva,Hansen,liva.hansen@example.com,female,1980-11-08,216.30.207.248
Altino,Monteiro,altino.monteiro@example.com,male,1984-02-03,180.212.190.79
باران,قاسمی,brn.qsmy@example.com,female,1990-04-05,72.152.67.232
Theo,Claire,theo.claire@example.com,male,1985-08-10,190.67.99.115
Matilda,Laakso,matilda.laakso@example.com,female,1995-08-05,127.54.75.180
Joona,Raisanen,joona.raisanen@example.com,male,2007-09-22,21.12.92.248
Önal,Tekand,onal.tekand@example.com,male,1988-05-01,153.11.81.194
عباس,کریمی,aabs.khrymy@example.com,male,1994-05-23,234.221.102.212
Sanja,Vrhovac,sanja.vrhovac@example.com,female,1982-12-30,196.191.171.10
Anthony,Jones,anthony.jones@example.com,male,1953-02-05,209.87.235.197
Cristóvão,Novaes,cristovao.novaes@example.com,male,1986-09-18,103.200.144.36
Nathaniel,Dean,nathaniel.dean@example.com,male,1998-09-09,53.0.130.3
Oğuzhan,Tüzün,oguzhan.tuzun@example.com,male,1993-08-27,125.164.231.190
Velichar,Golovach,velichar.golovach@example.com,male,2006-12-30,101.231.101.1
Tomas,Herrero,tomas.herrero@example.com,male,2009-10-14,1.102.13.142
Svetlana,Tripković,svetlana.tripkovic@example.com,female,1995-11-13,86.14.79.152
Thea,Andersen,thea.andersen@example.com,female,1983-05-03,167.21.237.216
سارینا,حیدری,sryn.hydry@example.com,female,2005-01-14,135.64.195.181
Miško,Žigić,misko.zigic@example.com,male,1999-12-31,180.217.43.166
Beatriz,Lacroix,beatriz.lacroix@example.com,female,1991-12-04,135.57.56.114
Veera,Wiita,veera.wiita@example.com,female,1991-05-16,242.59.155.134
Emma,Mason,emma.mason@example.com,female,1985-10-28,218.210.170.101
Esteban,Benavides,esteban.benavides@example.com,male,2005-01-19,66.255.65.37
Alix,Giraud,alix.giraud@example.com,female,2001-08-22,54.43.197.11
Iván,Rubio,ivan.rubio@example.com,male,1999-04-01,131.141.5.32
Verónica,Pizarro,veronica.pizarro@example.com,female,1996-07-06,64.93.166.231
Marco,Santos,marco.santos@example.com,male,1981-01-13,157.209.69.21
Jimmy,Kidane,jimmy.kidane@example.com,male,1998-08-26,88.160.187.87
Mila,Roche,mila.roche@example.com,female,2003-10-30,59.198.119.134
Leah,Reynolds,leah.reynolds@example.com,female,1996-03-05,3.73.180.115
Owen,Chapman,owen.chapman@example.com,male,1996-06-28,100.53.127.64
Aldo,Longoria,aldo.longoria@example.com,male,1987-06-03,85.32.35.117
Jon,Kelly,jon.kelly@example.com,male,1985-05-17,251.173.198.242
Bertha,Riley,bertha.riley@example.com,female,1990-12-22,198.13.34.81
Baptiste,Rolland,baptiste.rolland@example.com,male,1980-02-12,231.1.225.210
Rebecca,Peterson,rebecca.peterson@example.com,female,1994-10-11,122.141.68.207
Allan,Holmes,allan.holmes@example.com,male,2006-04-26,3.158.104.73
Lerke,Arnesen,lerke.arnesen@example.com,female,1987-12-27,251.119.216.235
Vallery,Hadders,vallery.hadders@example.com,female,2006-03-21,29.238.226.16
Michael,Bradley,michael.bradley@example.com,male,1981-09-28,109.251.213.68
Angélica,Chavarría,angelica.chavarria@example.com,female,2000-11-05,233.206.2.20
Anna,Fuller,anna.fuller@example.com,female,2007-08-22,43.159.104.205
Dale,Brown,dale.brown@example.com,male,2003-02-03,36.123.132.230
Julia,Ortega,julia.ortega@example.com,female,1996-10-30,178.171.9.124
Sadhana,Cornelissen,sadhana.cornelissen@example.com,female,2009-12-02,75.204.38.218
Ellen,Hayes,ellen.hayes@example.com,female,1984-12-30,146.51.176.67
Luca,Martin,luca.martin@example.com,male,1997-10-09,62.160.72.161
Devika,Aydin,devika.aydin@example.com,female,1994-08-20,30.76.152.245
Marco,Marchand,marco.marchand@example.com,male,1986-10-20,216.26.72.36
Tanasko,Lapčević,tanasko.lapcevic@example.com,male,2000-02-17,89.109.46.230
Ida,Olivier,ida.olivier@example.com,female,2005-08-18,210.124.42.165
Caroline,Rasmussen,caroline.rasmussen@example.com,female,1992-04-29,71.119.33.165
Andreas,Nielsen,andreas.nielsen@example.com,male,1982-08-03,234.210.243.44
Iwan,Plötz,iwan.plotz@example.com,male,2005-08-29,148.173.248.177
Orimira,Batig,orimira.batig@example.com,female,1995-01-30,142.48.212.65
Bérénice,Rousseau,berenice.rousseau@example.com,female,1993-11-10,192.102.132.237
Bjørn,Deinum,bjorn.deinum@example.com,male,1990-04-28,66.170.72.204
Lina,Stengel,lina.stengel@example.com,female,1999-01-18,92.207.147.1
Tina,Spasić,tina.spasic@example.com,female,1989-07-30,66.129.201.252
Dick,Gonzales,dick.gonzales@example.com,male,2008-12-29,192.79.173.5
Sam,Morrison,sam.morrison@example.com,female,2005-02-06,236.102.138.28
Tim,James,tim.james@example.com,male,2001-11-16,160.186.173.118
Benjamin,Jensen,benjamin.jensen@example.com,male,2009-09-17,3.166.170.233
Francisco,Schmitt,francisco.schmitt@example.com,male,2001-03-19,242.87.78.79
Mihaela,Nemanjić,mihaela.nemanjic@example.com,female,2004-08-02,67.99.59.73
Iiris,Koistinen,iiris.koistinen@example.com,female,2006-01-07,121.133.192.204
Mikkel,Hansen,mikkel.hansen@example.com,male,2000-08-09,122.212.17.161
Amelia,Benali,amelia.benali@example.com,female,1981-05-24,57.219.104.61
Lucas,Mitchell,lucas.mitchell@example.com,male,1981-03-21,100.53.250.146
Hector,Rogers,hector.rogers@example.com,male,1981-01-22,9.64.58.237
Mina,Ignjatović,mina.ignjatovic@example.com,female,1981-09-27,110.135.40.86
Mariano,Ramos,mariano.ramos@example.com,male,1985-07-29,144.30.235.161
Miloje,Mančić,miloje.mancic@example.com,male,2008-02-05,174.246.98.16
Pirmin,Möbus,pirmin.mobus@example.com,male,2005-03-21,71.32.228.79
Raúl,Moreno,raul.moreno@example.com,male,2001-11-06,202.41.123.164
Justine,Henry,justine.henry@example.com,female,2004-07-30,172.101.90.231
Jesse,Lepisto,jesse.lepisto@example.com,male,1981-03-30,116.185.41.196
Kamilla,Ferstad,kamilla.ferstad@example.com,female,2008-01-15,85.50.191.32
Logan,Lavoie,logan.lavoie@example.com,male,2006-07-07,98.160.26.202
Marcia,Gregory,marcia.gregory@example.com,female,1997-04-01,75.5.5.45
بردیا,موسوی,brdy.mwswy@example.com,male,1986-07-08,20.29.97.243
Zachary,Hall,zachary.hall@example.com,male,1981-03-25,105.37.210.26
Julia,Mora,julia.mora@example.com,female,1994-03-18,128.252.252.33
Abhinav,Nagane,abhinav.nagane@example.com,male,1997-12-09,200.187.232.6
Nikola,Daničić,nikola.danicic@example.com,male,1991-01-05,162.136.113.76
Sophia,Smith,sophia.smith@example.com,female,1984-01-26,53.194.230.141
Victor,Brown,victor.brown@example.com,male,1999-10-25,26.126.36.39
Saana,Jarvela,saana.jarvela@example.com,female,2002-09-30,114.92.37.180
رادین,نجاتی,rdyn.njty@example.com,male,1986-12-21,32.250.242.116
Andrés,Álvarez,andres.alvarez@example.com,male,1987-10-14,43.246.18.152
Phil,Howell,phil.howell@example.com,male,2001-11-06,181.116.100.90
Isobel,Simmons,isobel.simmons@example.com,female,1997-04-03,154.204.238.139
Lois,Rodriquez,lois.rodriquez@example.com,female,1985-10-24,107.72.64.234
Varsha,Shetty,varsha.shetty@example.com,female,1981-09-23,246.198.119.219
Juan Carlos,Gamez,juancarlos.gamez@example.com,male,1983-07-26,223.166.141.5
Zlatodan,Buchackiy,zlatodan.buchackiy@example.com,male,2005-12-11,243.110.207.255
Roope,Nikula,roope.nikula@example.com,male,1983-09-17,12.73.178.102
Sander,Andersen,sander.andersen@example.com,male,1992-07-15,69.142.200.108
Soan,Leclerc,soan.leclerc@example.com,male,2006-06-15,170.132.213.39
Nikolaj,Nielsen,nikolaj.nielsen@example.com,male,1997-01-06,82.200.251.235
Necati,Ozansoy,necati.ozansoy@example.com,male,2008-11-09,69.160.110.42
Harald,Rey,harald.rey@example.com,male,1982-12-26,47.33.248.108
اميرمحمد,قاسمی,myrmhmd.qsmy@example.com,male,1990-09-16,82.134.105.227
Yash,Padmanabha,yash.padmanabha@example.com,male,1986-11-14,9.71.183.150
Mihaela,Mladenović,mihaela.mladenovic@example.com,female,1991-03-14,73.48.89.96
Angie,Crawford,angie.crawford@example.com,female,1980-04-16,108.167.62.62
Frida,Palomo,frida.palomo@example.com,female,2007-09-01,65.119.98.157
Rosa,Mcdonalid,rosa.mcdonalid@example.com,female,1984-05-22,235.33.195.224
Ilona,Kujala,ilona.kujala@example.com,female,1987-07-24,240.102.53.227
Tesse,Van der Stoel,tesse.vanderstoel@example.com,female,1994-01-11,101.73.160.7
Peter,Herrera,peter.herrera@example.com,male,1995-11-17,35.3.219.234
Roger,Russell,roger.russell@example.com,male,1987-09-21,225.82.25.116
Lori,Elliott,lori.elliott@example.com,female,1998-08-28,223.180.119.59
Batur,Solmaz,batur.solmaz@example.com,male,2008-03-28,101.3.25.143
Elif,Plank,elif.plank@example.com,female,2004-06-27,163.248.124.250
Eleonora,Divac,eleonora.divac@example.com,female,1987-06-16,37.232.228.132
Coşkun,Beşok,coskun.besok@example.com,male,2009-06-15,180.175.37.54
Kaïs,Gautier,kais.gautier@example.com,male,2003-07-17,98.57.65.206
Amanda,Crawford,amanda.crawford@example.com,female,2008-04-22,24.170.18.26
Brittany,Clark,brittany.clark@example.com,female,2006-07-08,215.26.56.109
Maria,Poulsen,maria.poulsen@example.com,female,1990-06-18,43.73.80.21
Wilma,Jones,wilma.jones@example.com,female,1987-02-20,173.1.19.77
Daniel,Tuomala,daniel.tuomala@example.com,male,1990-09-10,242.144.13.155
Buse,Yalçın,buse.yalcin@example.com,female,1998-10-27,185.130.103.28
Alex,White,alex.white@example.com,female,1981-08-09,166.32.215.178
Niilo,Seppala,niilo.seppala@example.com,male,1990-07-25,116.110.10.62
Patricia,Burton,patricia.burton@example.com,female,2008-05-22,30.210.53.53
Ismael,Muñoz,ismael.munoz@example.com,male,2001-06-24,173.230.137.126
Shahistha,Salian,shahistha.salian@example.com,female,1992-07-16,195.159.65.252
Emile,French,emile.french@example.com,male,1991-10-23,11.47.22.169
Hannah,Reyes,hannah.reyes@example.com,female,1988-08-27,229.154.164.23
سورنا,مرادی,swrn.mrdy@example.com,male,2001-03-05,111.25.61.5
Tess,Rodriguez,tess.rodriguez@example.com,female,1987-01-22,175.133.201.115
Pius,Herzberg,pius.herzberg@example.com,male,2009-09-16,112.70.14.187
Tim,Rousseau,tim.rousseau@example.com,male,2008-04-19,234.83.229.167
حامد,صدر,hmd.sdr@example.com,male,1997-03-23,170.113.208.22
Víctor,Medina,victor.medina@example.com,male,2008-07-15,186.136.68.1
Adán,Espinoza,adan.espinoza@example.com,male,1983-10-29,58.57.15.24
Terry,Watson,terry.watson@example.com,male,1988-11-08,63.123.110.240
Victoria,Young,victoria.young@example.com,female,1985-01-14,133.125.79.197
Toby,Morris,toby.morris@example.com,male,1990-12-12,203.103.27.38
Malika,Perrin,malika.perrin@example.com,female,2000-10-18,99.25.158.181
Lance,Roberts,lance.roberts@example.com,male,2002-12-14,72.32.6.228
Jerrold,Van der Werff,jerrold.vanderwerff@example.com,male,1986-01-26,197.91.235.93
Rosina,Lisicya,rosina.lisicya@example.com,female,2006-02-18,114.6.232.118
Joseph,Wright,joseph.wright@example.com,male,1993-04-20,103.250.240.112
Rodrigo,González,rodrigo.gonzalez@example.com,male,1990-10-13,160.78.170.238
Encarnación,León,encarnacion.leon@example.com,female,1992-05-16,74.141.144.144
Veselin,Ćirić,veselin.ciric@example.com,male,2009-03-28,244.229.116.36
Logan,Roy,logan.roy@example.com,male,2009-10-30,42.209.161.74
Saloni,Sullad,saloni.sullad@example.com,female,1984-06-28,63.130.20.186
Julián,Cabrera,julian.cabrera@example.com,male,1999-09-22,106.222.0.34
Jamie,Rogers,jamie.rogers@example.com,male,1992-12-24,248.37.57.163
Felicíssimo,Souza,felicissimo.souza@example.com,male,2008-03-01,9.162.100.213
Danica,Milovanović,danica.milovanovic@example.com,female,2002-05-31,14.18.2.241
Kiara,Noel,kiara.noel@example.com,female,1980-06-27,184.148.204.107
Clara,Martin,clara.martin@example.com,female,1994-10-10,48.221.83.109
Vir,Voloshin,vir.voloshin@example.com,male,1995-06-08,0.102.228.107
Loane,Le Gall,loane.legall@example.com,female,1999-11-05,211.255.17.126
Luanda,das Neves,luanda.dasneves@example.com,female,1983-05-19,52.126.62.47
Ellen,Larson,ellen.larson@example.com,female,1982-03-23,204.136.103.90
Daphné,Roy,daphne.roy@example.com,female,1998-01-28,3.195.89.199
Edward,Carlson,edward.carlson@example.com,male,1982-02-25,114.206.123.247
Lukas,Westgård,lukas.westgard@example.com,male,2008-03-05,132.240.192.47
Esperanza,Pineda,esperanza.pineda@example.com,female,2007-02-27,45.137.171.218
Igor,Underhaug,igor.underhaug@example.com,male,1997-02-11,110.149.169.165
Rick,Sims,rick.sims@example.com,male,1980-02-05,206.1.105.248
Pascale,Dettmer,pascale.dettmer@example.com,female,2001-09-30,38.29.142.155
Mirko,Orlić,mirko.orlic@example.com,male,2004-02-09,245.9.0.164
Mélina,Gaillard,melina.gaillard@example.com,female,1986-09-22,83.232.161.119
Nikhitha,Dhamdhame,nikhitha.dhamdhame@example.com,female,2001-09-27,245.184.158.33
Leôncio,Martins,leoncio.martins@example.com,male,2008-07-16,76.252.120.192
Kolodiy,Strelchenko,kolodiy.strelchenko@example.com,male,2007-05-14,250.247.110.111
Abel,Rosas,abel.rosas@example.com,male,1982-10-26,31.37.228.177
Cléo,Blanchard,cleo.blanchard@example.com,male,1981-07-21,223.222.49.79
Hadrien,Fournier,hadrien.fournier@example.com,male,1993-03-28,185.172.107.209
Aida,Mathieu,aida.mathieu@example.com,female,1990-12-05,88.81.155.141
Rafael,Rodriguez,rafael.rodriguez@example.com,male,2005-05-30,199.216.193.84
Lyuborada,Ogranovichi,lyuborada.ogranovichi@example.com,female,1988-05-05,18.35.151.54
Snaga,Vaskovichi,snaga.vaskovichi@example.com,male,1996-12-29,40.214.100.183
سورنا,کامروا,swrn.khmrw@example.com,male,1991-08-03,142.144.247.208
Shambhavi,Gupta,shambhavi.gupta@example.com,female,1984-12-07,53.78.57.117
Nicolas,David,nicolas.david@example.com,male,1987-03-26,178.29.17.245
محمدپارسا,احمدی,mhmdprs.hmdy@example.com,male,1995-06-16,12.85.8.146
Isak,Andresen,isak.andresen@example.com,male,2000-04-22,208.173.39.244
Albert,Larsen,albert.larsen@example.com,male,2005-08-10,150.107.62.107
Sophie,Brar,sophie.brar@example.com,female,2003-11-14,166.225.227.94
Diovalda,Mendes,diovalda.mendes@example.com,female,1990-09-26,43.97.55.188
Naja,Sørensen,naja.sorensen@example.com,female,1983-07-21,77.180.113.215
Ezra,Martin,ezra.martin@example.com,male,1992-12-20,217.15.150.231
Angela,Wood,angela.wood@example.com,female,1994-10-16,25.92.18.114
Kaitlin,Lopez,kaitlin.lopez@example.com,female,1989-01-08,168.145.51.153
Annique,Roelen,annique.roelen@example.com,female,1997-04-14,180.35.52.90
Mehar,Suvarna,mehar.suvarna@example.com,female,1987-12-11,240.91.221.143
Emma,Noel,emma.noel@example.com,female,1997-01-01,212.226.167.214
Arnav,Bal,arnav.bal@example.com,male,2000-08-30,196.192.41.36
Isla,Davies,isla.davies@example.com,female,1999-10-08,209.114.169.229
Klaus-Werner,Plath,klaus-werner.plath@example.com,male,2006-07-24,122.211.183.122
Lea,Sørensen,lea.sorensen@example.com,female,1984-10-24,2.200.137.115
Ramses,Rolón,ramses.rolon@example.com,male,1989-04-06,181.181.166.53
Eloïse,Carpentier,eloise.carpentier@example.com,female,2007-12-22,167.154.213.44
Maud,Moholt,maud.moholt@example.com,female,1994-08-26,22.203.25.200
Metin,Plate,metin.plate@example.com,male,2003-09-26,173.18.209.70
Antonio,Crawford,antonio.crawford@example.com,male,2002-01-27,240.157.9.13
Daksh,Bharanya,daksh.bharanya@example.com,male,1996-05-21,236.157.130.229
Zoe,Burke,zoe.burke@example.com,female,2008-01-28,6.183.165.100
Adauto,Fogaça,adauto.fogaca@example.com,male,1982-05-10,93.18.11.202
Lakshit,Dalvi,lakshit.dalvi@example.com,male,2007-01-20,243.21.39.45
Alexander,Cano,alexander.cano@example.com,male,1987-04-24,4.65.22.59
Andrés,Cruz,andres.cruz@example.com,male,1989-01-01,227.29.189.226
Simon,Lo,simon.lo@example.com,male,2000-11-25,168.253.80.59
Heather,Grant,heather.grant@example.com,female,2006-07-11,56.130.201.189
Bastiana,Haarsma,bastiana.haarsma@example.com,female,1986-06-10,156.119.99.159
Alma,Lopez,alma.lopez@example.com,female,1991-07-16,95.57.63.233
Aaliyah,King,aaliyah.king@example.com,female,1988-09-15,2.186.191.72
Mónica,Romero,monica.romero@example.com,female,1980-05-14,2.10.205.211
Alina,Puhalskiy,alina.puhalskiy@example.com,female,1982-05-26,101.17.15.233
Loïs,Renard,lois.renard@example.com,male,1986-06-04,236.230.87.59
Mihajlo,Simeonović,mihajlo.simeonovic@example.com,male,2002-12-30,150.200.184.137
Pahal,Kouser,pahal.kouser@example.com,male,2002-04-19,1.188.220.195
Olivia,Tuomala,olivia.tuomala@example.com,female,1994-11-04,180.9.171.120
Benjamin,Larsen,benjamin.larsen@example.com,male,2009-08-12,208.85.22.188
Kathy,Anderson,kathy.anderson@example.com,female,2005-12-23,252.3.251.147
Marius,Hubert,marius.hubert@example.com,male,1998-08-10,188.176.125.152
Lily,Day,lily.day@example.com,female,1985-09-18,225.231.129.233
Filikitata,Kolodub,filikitata.kolodub@example.com,female,2001-12-10,23.78.49.22
Lylou,Bertrand,lylou.bertrand@example.com,female,2002-08-14,38.1.79.115
Lee,Rivera,lee.rivera@example.com,male,1994-06-22,27.21.253.18
Onni,Aro,onni.aro@example.com,male,2007-03-01,149.6.159.244
Robyn,De La Rie,robyn.delarie@example.com,female,1998-01-19,137.255.96.33
Emilio,Ríos,emilio.rios@example.com,male,1985-04-19,13.173.234.102
کیانا,جعفری,khyn.jaafry@example.com,female,2009-05-04,132.27.110.10
Anton,Toivonen,anton.toivonen@example.com,male,1985-01-27,208.242.138.218
Ethel,Allen,ethel.allen@example.com,female,2006-06-23,14.206.34.167
Kashvi,Uchil,kashvi.uchil@example.com,female,1990-04-15,197.152.14.160
Sebastian,Johansen,sebastian.johansen@example.com,male,1989-07-28,15.75.209.53
Sofia,Christensen,sofia.christensen@example.com,female,1988-06-14,205.184.46.192
Meral,Ilıcalı,meral.ilicali@example.com,female,1981-05-09,252.136.111.105
Eren,Tazegül,eren.tazegul@example.com,male,1988-10-06,167.98.191.204
Esmeralda,Pedroza,esmeralda.pedroza@example.com,female,1989-06-22,163.10.68.223
Dusan,Riviere,dusan.riviere@example.com,male,1986-05-22,89.222.113.19
Wafae,Havekes,wafae.havekes@example.com,female,1995-04-08,171.55.63.75
بهار,سلطانی نژاد,bhr.sltnynjd@example.com,female,1984-03-17,199.203.40.173
Scarlett,Hopkins,scarlett.hopkins@example.com,female,1999-02-11,171.253.96.142
Eelis,Saari,eelis.saari@example.com,male,1992-01-20,96.200.42.30
Sedef,Erberk,sedef.erberk@example.com,female,1984-05-24,187.222.150.142
Leon,Tegelaar,leon.tegelaar@example.com,male,1989-05-11,188.178.57.159
Clyde,Bradley,clyde.bradley@example.com,male,2008-10-19,60.82.101.75
Nelson,Ruiz,nelson.ruiz@example.com,male,1987-01-13,228.49.105.142
Isaac,Esteban,isaac.esteban@example.com,male,1999-03-24,81.76.88.132
Joseph,Cruz,joseph.cruz@example.com,male,1987-05-17,142.15.96.140
Loredana,Slingerland,loredana.slingerland@example.com,female,1983-06-17,153.172.58.178
Antoine,Tremblay,antoine.tremblay@example.com,male,1997-06-22,251.21.162.98
Varsha,Rajesh,varsha.rajesh@example.com,female,1989-04-30,80.99.206.78
Baljiwan,Bhoja,baljiwan.bhoja@example.com,male,1998-09-13,135.237.181.205
Marlene,Barbier,marlene.barbier@example.com,female,2000-10-02,195.230.242.105
Mestan,Okur,mestan.okur@example.com,female,1992-03-12,175.143.86.21
Sofieke,Waterval,sofieke.waterval@example.com,female,1987-06-27,68.253.118.116
Rufina,Antonyak,rufina.antonyak@example.com,female,1983-07-20,92.140.96.185
Toni,Wilson,toni.wilson@example.com,female,2003-06-21,37.35.88.174
Elif,Sandalcı,elif.sandalci@example.com,female,2009-05-07,17.191.245.88
Jeremiah,Sims,jeremiah.sims@example.com,male,1998-08-04,14.245.105.54
هلیا,موسوی,hly.mwswy@example.com,female,1992-01-04,29.137.166.104
Lawrence,Bell,lawrence.bell@example.com,male,1981-06-10,31.13.13.147
Julie,Møller,julie.moller@example.com,female,1992-05-14,103.93.201.98
Milan,Richard,milan.richard@example.com,male,1981-08-12,28.234.37.229
Damjan,Tadić,damjan.tadic@example.com,male,2001-09-22,107.27.0.226
Harriëtte,Heuveling,harriette.heuveling@example.com,female,2006-03-27,115.237.103.147
Varsha,Dhamdhame,varsha.dhamdhame@example.com,female,1986-01-28,107.23.255.187
Vanessa,Gröger,vanessa.groger@example.com,female,1989-06-11,195.175.224.219
Erol,De Coninck,erol.deconinck@example.com,male,2007-11-18,0.224.211.206
Dean,Woods,dean.woods@example.com,male,2000-10-25,25.184.1.62
Alyssa,Harper,alyssa.harper@example.com,female,1984-08-06,176.118.16.155
Ondina,Barros,ondina.barros@example.com,female,1990-06-12,168.129.193.181
Fatma,Çevik,fatma.cevik@example.com,female,2004-02-25,82.183.223.93
Noah,Andersen,noah.andersen@example.com,male,1995-03-26,246.183.52.197
Peyton,Scott,peyton.scott@example.com,female,2005-01-30,174.245.195.10
Terrence,Brooks,terrence.brooks@example.com,male,2001-11-28,36.50.186.20
Jamie,Terry,jamie.terry@example.com,male,1990-09-21,195.5.85.83
Hasan,Englund,hasan.englund@example.com,male,2004-04-23,83.236.37.73
Dean,Medina,dean.medina@example.com,male,2004-02-02,98.57.39.196
Christophe,Rey,christophe.rey@example.com,male,1995-12-03,10.183.178.36
Gül,Paksüt,gul.paksut@example.com,female,1997-09-06,62.130.232.202
Pippa,Lee,pippa.lee@example.com,female,1983-02-02,13.69.128.247
Roberto,Molina,roberto.molina@example.com,male,1984-12-22,234.141.27.189
Irma,Porto,irma.porto@example.com,female,1988-10-05,147.252.252.76
Oscar,Reyes,oscar.reyes@example.com,male,2000-01-07,83.111.171.147
Karl,Meyer,karl.meyer@example.com,male,1989-09-21,66.21.54.9
Vildan,Mayhoş,vildan.mayhos@example.com,female,1995-03-22,220.49.97.200
Myrtha,Leroux,myrtha.leroux@example.com,female,1994-04-19,155.201.29.143
Oussama,Osman,oussama.osman@example.com,male,1999-11-27,30.29.81.182
Dmitro,Sasko,dmitro.sasko@example.com,male,1989-08-14,31.82.166.235
Abitha,Shenoy,abitha.shenoy@example.com,female,2001-02-23,113.136.175.43
Oliver,Jørgensen,oliver.jorgensen@example.com,male,2001-04-24,210.246.181.100
Porfirio,Tejeda,porfirio.tejeda@example.com,male,2005-07-31,204.103.252.241
Pihla,Karjala,pihla.karjala@example.com,female,1985-05-22,128.207.235.136
Alice,Singh,alice.singh@example.com,female,1992-10-04,156.43.88.152
Isaac,Palmer,isaac.palmer@example.com,male,1986-10-01,240.228.227.146
Kerim,Yorulmaz,kerim.yorulmaz@example.com,male,1989-11-30,153.168.20.80
Yasemin,Çağıran,yasemin.cagiran@example.com,female,2000-12-11,128.47.237.225
Audrey,Bell,audrey.bell@example.com,female,2001-08-09,38.171.116.169
Macit,Sandalcı,macit.sandalci@example.com,male,1982-03-28,14.226.144.131
Şükrü,Crielaard,sukru.crielaard@example.com,male,2007-06-26,177.146.58.202
Gaudência,da Mota,gaudencia.damota@example.com,female,2007-07-13,110.48.201.54
Deann,Wood,deann.wood@example.com,female,2006-04-28,224.232.159.191
Ege,Başoğlu,ege.basoglu@example.com,male,1991-12-01,76.17.172.139
Inaya,Caron,inaya.caron@example.com,female,1994-06-02,9.29.230.76
Diane,Neal,diane.neal@example.com,female,2001-04-10,104.202.7.163
Job,da Conceição,job.daconceicao@example.com,male,1995-11-26,8.97.90.79
Griva,Mandzyuk,griva.mandzyuk@example.com,male,1998-04-14,44.70.204.46
Gustav,Møller,gustav.moller@example.com,male,1982-08-17,215.218.240.177
Hannah,Martin,hannah.martin@example.com,female,2004-08-31,178.207.227.226
احسان,محمدخان,hsn.mhmdkhn@example.com,male,1994-01-02,50.86.161.234
Shannah,Schaafsma,shannah.schaafsma@example.com,female,1994-02-04,197.186.45.176
Stefana,Živanović,stefana.zivanovic@example.com,female,1999-10-16,11.160.74.112
Sebastian,Kvernberg,sebastian.kvernberg@example.com,male,2000-02-10,236.156.235.44
Yasemin,Atan,yasemin.atan@example.com,female,1989-01-28,19.83.188.237
Xavier,Li,xavier.li@example.com,male,2009-03-26,187.179.210.10
Aldalgisa,Nogueira,aldalgisa.nogueira@example.com,female,1989-10-21,253.31.180.80
Elisa,Smith,elisa.smith@example.com,female,1995-05-26,111.234.127.251
Benjamin,Roy,benjamin.roy@example.com,male,1981-01-06,107.149.174.21
Rohan,Fernandes,rohan.fernandes@example.com,male,1984-07-21,56.115.102.33
Tracey,Lawrence,tracey.lawrence@example.com,female,2006-04-29,196.249.2.185
Ray,Ward,ray.ward@example.com,male,2004-11-22,203.237.62.199
Abhijith,Kumari,abhijith.kumari@example.com,male,2009-04-09,55.97.190.149
Latife,Sandalcı,latife.sandalci@example.com,female,2001-07-09,52.54.240.27
Kate,Wright,kate.wright@example.com,female,1987-08-10,226.230.156.149
Aatu,Kinnunen,aatu.kinnunen@example.com,male,2004-08-10,179.69.210.192
Laura,Castillo,laura.castillo@example.com,female,1990-02-27,59.0.162.1
Carl,Petersen,carl.petersen@example.com,male,1983-11-08,188.71.106.169
Rachel,Colin,rachel.colin@example.com,female,1996-12-02,168.61.97.10
Mavrikiy,Kuhar,mavrikiy.kuhar@example.com,male,2000-01-07,90.175.45.64
Leo,Elo,leo.elo@example.com,male,2005-03-03,94.69.15.111
Sam,Franklin,sam.franklin@example.com,female,1995-10-15,183.179.78.222
Romana,Suprun,romana.suprun@example.com,female,1998-09-21,28.41.107.227
Debbie,Brooks,debbie.brooks@example.com,female,1991-02-05,228.69.154.102
Niklas,Jarvi,niklas.jarvi@example.com,male,1995-12-29,97.212.157.14
Jeanne,Brar,jeanne.brar@example.com,female,2002-04-18,254.12.146.66
Ellen,Shaw,ellen.shaw@example.com,female,2001-12-21,222.178.87.242
Marco,Mesa,marco.mesa@example.com,male,1994-09-08,42.239.141.30
Carl,Jensen,carl.jensen@example.com,male,2007-02-16,118.31.174.159
Jacob,Chow,jacob.chow@example.com,male,1996-07-06,183.255.149.141
Ingeburg,Mayr,ingeburg.mayr@example.com,female,2001-01-16,222.104.148.147
Delores,Wade,delores.wade@example.com,female,2004-07-09,233.150.14.164
Lea,Møller,lea.moller@example.com,female,1993-09-03,158.193.245.83
Ishaan,Rai,ishaan.rai@example.com,male,1987-03-02,114.199.55.67
Timothy,Garnier,timothy.garnier@example.com,male,2001-07-26,223.100.74.217
Isla,Linna,isla.linna@example.com,female,2004-05-11,199.142.15.170
Radko,Hudchenko,radko.hudchenko@example.com,male,1987-05-13,50.191.154.255
Pablo,Tafoya,pablo.tafoya@example.com,male,1986-07-17,86.175.75.68
Ramona,Holt,ramona.holt@example.com,female,1996-05-08,116.45.194.80
Andrijana,Simeonović,andrijana.simeonovic@example.com,female,2009-10-30,134.163.225.1
Marisela,Guajardo,marisela.guajardo@example.com,female,1998-04-21,117.35.245.169
Nagraj,Gugale,nagraj.gugale@example.com,male,1997-06-02,175.194.102.205
Julia,Scott,julia.scott@example.com,female,2001-07-05,86.135.64.251
Anitha,Sheikh,anitha.sheikh@example.com,female,2006-10-24,42.80.73.177
Murat,Nebioğlu,murat.nebioglu@example.com,male,2007-01-09,241.95.46.22
Sélène,Fournier,selene.fournier@example.com,female,2006-03-31,27.58.243.7
Kavitha,Kumari,kavitha.kumari@example.com,female,1986-11-19,95.157.129.224
Babür,Tuğluk,babur.tugluk@example.com,male,2002-09-04,192.192.35.143
Isaac,Lawson,isaac.lawson@example.com,male,1987-05-10,1.167.254.144
Elizabeth,Gardner,elizabeth.gardner@example.com,female,2008-06-13,117.207.45.9
Mira,Spasić,mira.spasic@example.com,female,2006-06-21,107.154.80.168
Nelson,Garza,nelson.garza@example.com,male,2004-08-26,83.52.162.0
Nalan,Akbulut,nalan.akbulut@example.com,female,2002-06-11,95.223.134.236
Erdmute,Trautmann,erdmute.trautmann@example.com,female,1985-08-04,71.241.91.186
Ceyhun,Dizdar,ceyhun.dizdar@example.com,male,1992-05-18,47.71.40.9
Marco,Santillán,marco.santillan@example.com,male,2003-01-13,230.119.174.113
Wade,Horton,wade.horton@example.com,male,1990-04-07,126.26.155.91
Socorro,Cantú,socorro.cantu@example.com,female,2007-09-03,21.244.224.48
Noah,Chen,noah.chen@example.com,male,1984-02-05,138.26.63.121
Montserrat,Román,montserrat.roman@example.com,female,1993-03-29,100.249.3.250
Jerry,Penning,jerry.penning@example.com,male,1991-05-21,40.78.129.58
Mathias,Selle,mathias.selle@example.com,male,2002-05-08,220.41.55.254
Noémie,Sanchez,noemie.sanchez@example.com,female,2007-05-17,81.17.180.135
Nitesh,Babu,nitesh.babu@example.com,male,1990-05-25,45.14.171.12
Valeska,Franzke,valeska.franzke@example.com,female,1989-01-20,140.8.11.216
Samuel,Rhodes,samuel.rhodes@example.com,male,2009-08-15,105.143.219.242
Astrid,Kristensen,astrid.kristensen@example.com,female,1984-06-16,18.158.233.133
Logan,Singh,logan.singh@example.com,male,2008-03-29,186.248.202.163
Sylwia,Elsner,sylwia.elsner@example.com,female,2001-05-17,173.180.93.243
David,Hubert,david.hubert@example.com,male,2005-06-21,239.194.105.41
Derek,Sanders,derek.sanders@example.com,male,1999-09-02,209.107.36.240
Charan,Dhamdhame,charan.dhamdhame@example.com,male,2007-08-16,242.132.80.124
Jeff,Morris,jeff.morris@example.com,male,1989-11-13,224.37.45.54
Mitesh,Keshri,mitesh.keshri@example.com,male,1984-09-30,207.151.171.225
Reinhilde,Scheu,reinhilde.scheu@example.com,female,1997-02-25,241.44.126.32
Nemanja,Simeonović,nemanja.simeonovic@example.com,male,1998-07-24,188.249.57.52
Ruby,White,ruby.white@example.com,female,1987-06-05,153.215.40.231
Germán,de la Crúz,german.delacruz@example.com,male,1985-09-09,91.140.158.94
Daniel,Narváez,daniel.narvaez@example.com,male,1991-11-14,255.162.82.167
Déborah,Cardoso,deborah.cardoso@example.com,female,2008-08-02,27.55.136.122
Ignacio,Ocasio,ignacio.ocasio@example.com,male,1993-07-21,76.75.153.92
Herrmann,Drechsler,herrmann.drechsler@example.com,male,1995-02-14,121.66.91.22
ستایش,رضاییان,stysh.rdyyn@example.com,female,2000-09-22,94.63.159.118
Vílmar,Lima,vilmar.lima@example.com,male,2001-09-11,92.112.91.140
Nikola,Ivanović,nikola.ivanovic@example.com,male,2003-02-13,14.91.58.25
Anni,Tuomi,anni.tuomi@example.com,female,1980-03-08,211.18.141.115
Anfisa,Mandzyuk,anfisa.mandzyuk@example.com,female,2007-11-02,30.38.73.48
Begüm,Beşok,begum.besok@example.com,female,1986-03-25,143.53.204.40
Saloni,Kumar,saloni.kumar@example.com,female,2008-08-25,3.47.55.252
Emeline,Joly,emeline.joly@example.com,female,1980-01-30,227.181.26.17
Eleah,Frantzen,eleah.frantzen@example.com,female,1985-01-06,220.44.171.41
Vita,Nogueira,vita.nogueira@example.com,female,1995-06-28,68.22.56.17
Zemislav,Shapovalenko,zemislav.shapovalenko@example.com,male,2009-03-05,75.70.151.163
Agatha,Rousseau,agatha.rousseau@example.com,female,1980-10-26,102.60.11.70
Hermano,da Rosa,hermano.darosa@example.com,male,1984-05-26,137.121.212.188
Javier,Vázquez,javier.vazquez@example.com,male,1987-04-30,214.151.211.198
Apoorva,Mathew,apoorva.mathew@example.com,female,1997-11-26,114.161.17.97
Ellen,Tuominen,ellen.tuominen@example.com,female,1998-05-30,26.92.15.3
Nicete,Pires,nicete.pires@example.com,female,1999-07-10,85.172.42.134
Ethel,Hopkins,ethel.hopkins@example.com,female,2005-01-10,54.52.201.109
شایان,گلشن,shyn.glshn@example.com,male,1992-05-07,117.84.254.210
Kate,Edwards,kate.edwards@example.com,female,2003-07-11,247.179.177.94
Cläre,Haußmann,clare.haussmann@example.com,female,2001-04-28,126.53.2.209
Teerth,Saha,teerth.saha@example.com,male,1995-09-09,255.238.146.20
Nicholas,Olson,nicholas.olson@example.com,male,2000-01-12,29.137.236.173
حامد,زارعی,hmd.zraay@example.com,male,1993-10-23,251.205.41.25
Beatriz,Duval,beatriz.duval@example.com,female,1984-06-22,96.237.118.64
Jens,Nguyen,jens.nguyen@example.com,male,1980-07-14,108.106.35.212
Zlatko,Ristović,zlatko.ristovic@example.com,male,2000-07-01,90.24.161.175
Karl,Lopez,karl.lopez@example.com,male,1995-03-27,206.246.90.10
Diego,Casanova,diego.casanova@example.com,male,2005-04-28,65.70.129.150
Nadia,Moreau,nadia.moreau@example.com,female,2005-02-02,220.205.181.222
Javier,Hidalgo,javier.hidalgo@example.com,male,1998-05-19,239.147.218.237
Sarita,Saniel,sarita.saniel@example.com,female,1989-01-14,156.184.196.65
Maëlys,Fabre,maelys.fabre@example.com,female,2004-10-09,128.64.148.73
Bibianne,Van Kleef,bibianne.vankleef@example.com,female,2006-04-27,86.247.105.192
Selma,Olsen,selma.olsen@example.com,female,2003-12-16,38.13.46.215
Kenneth,Porter,kenneth.porter@example.com,male,1987-04-05,255.84.171.232
Dylan,Mitchelle,dylan.mitchelle@example.com,male,2006-01-11,114.75.221.90
Miguel,Roche,miguel.roche@example.com,male,2008-12-07,246.178.83.219
Santiago,Lomeli,santiago.lomeli@example.com,male,1996-05-04,92.120.25.162
Kayla,King,kayla.king@example.com,female,1998-03-13,59.116.178.126
Josephine,Butler,josephine.butler@example.com,female,1987-06-30,153.200.75.174
Océane,Le Gall,oceane.legall@example.com,female,1999-02-11,164.249.80.206
Xavier,Fortin,xavier.fortin@example.com,male,2006-09-06,86.138.217.175
Joselaine,da Rocha,joselaine.darocha@example.com,female,1989-10-31,159.76.161.103
Rita,Carroll,rita.carroll@example.com,female,1997-04-10,211.83.224.98
Linnea,Kilpela,linnea.kilpela@example.com,female,2000-07-13,68.94.187.181
Moritz,Bertrand,moritz.bertrand@example.com,male,2002-08-08,249.147.168.103
Lourdes,Blanco,lourdes.blanco@example.com,female,2002-11-12,153.93.249.79
Andréia,Cardoso,andreia.cardoso@example.com,female,1984-01-03,24.104.191.119
Heather,Medina,heather.medina@example.com,female,1993-11-22,130.28.186.180
Kate,Neal,kate.neal@example.com,female,2004-06-30,94.112.100.163
Archie,Edwards,archie.edwards@example.com,male,2005-09-06,69.99.17.68
Peremila,Palyanicya,peremila.palyanicya@example.com,female,1998-05-12,249.125.240.30
رها,یاسمی,rh.ysmy@example.com,female,1982-08-23,202.130.67.245
آرسین,قاسمی,arsyn.qsmy@example.com,male,2001-04-11,115.122.127.179
Savitha,Pujari,savitha.pujari@example.com,female,2006-01-03,186.131.146.128
Pratyush,Mendonsa,pratyush.mendonsa@example.com,male,1989-01-20,240.7.67.159
Niilo,Heino,niilo.heino@example.com,male,2008-08-27,197.99.246.0
Lada,Obradović,lada.obradovic@example.com,female,1986-05-21,79.141.23.11
Luka,Guzenko,luka.guzenko@example.com,male,2009-05-05,109.149.65.143
Shilpa,Andrade,shilpa.andrade@example.com,female,1987-07-07,242.141.224.217
Maeva,Tremblay,maeva.tremblay@example.com,female,1991-08-01,147.39.9.71
Branko,Borjan,branko.borjan@example.com,male,2005-09-19,217.189.134.120
Eino,Sippola,eino.sippola@example.com,male,1991-05-18,132.19.27.80
Hugo,Crespo,hugo.crespo@example.com,male,1982-05-16,85.170.221.74
Özkan,Günday,ozkan.gunday@example.com,male,2003-11-18,168.108.108.129
Yasemin,Çamdalı,yasemin.camdali@example.com,female,2009-03-11,163.233.8.154
Wesley,Esmeijer,wesley.esmeijer@example.com,male,1983-12-20,242.119.179.74
Abigail,Cole,abigail.cole@example.com,female,1990-12-11,242.50.9.6
Alberte,Hansen,alberte.hansen@example.com,female,2001-08-24,238.209.229.46
Anatoliya,Veremiienko,anatoliya.veremiienko@example.com,female,1997-07-04,80.182.142.222
Zacarías,Santiago,zacarias.santiago@example.com,male,1989-07-04,153.177.48.65
Gökhan,Elmastaşoğlu,gokhan.elmastasoglu@example.com,male,1997-02-23,155.158.144.225
Aiden,Addy,aiden.addy@example.com,male,1989-09-17,246.78.230.6
Theo,Abraham,theo.abraham@example.com,male,1984-07-20,113.146.68.91
Thibault,Clement,thibault.clement@example.com,male,2000-08-11,117.215.40.57
Karla,Dahms,karla.dahms@example.com,female,1996-10-13,168.102.89.202
Sebastian,Andersen,sebastian.andersen@example.com,male,1995-09-09,218.155.224.35
Willow,Wang,willow.wang@example.com,female,1982-11-03,126.209.100.89
Lucas,Roy,lucas.roy@example.com,male,1999-07-24,53.128.81.64
Eric,Centeno,eric.centeno@example.com,male,2004-04-02,195.195.247.96
Vlade,Kovač,vlade.kovac@example.com,male,1980-03-05,190.235.91.244
Manasa,Shenoy,manasa.shenoy@example.com,female,1992-10-27,207.58.41.104
Mariana,Galindo,mariana.galindo@example.com,female,1980-08-21,160.210.159.189
Benjamin,Rey,benjamin.rey@example.com,male,2009-12-18,44.2.245.14
Itske,Handgraaf,itske.handgraaf@example.com,female,1989-08-05,231.204.214.106
Kapitolina,Vashchenko,kapitolina.vashchenko@example.com,female,2002-03-23,180.6.52.27
Eckart,Schunk,eckart.schunk@example.com,male,2001-03-27,94.41.239.58
Storm,Javed,storm.javed@example.com,male,1980-07-02,1.45.73.115
Saisha,Adiga,saisha.adiga@example.com,female,2005-03-09,204.215.242.203
Falan,Nand,falan.nand@example.com,male,1981-06-14,139.79.10.251
Linda,Søreng,linda.soreng@example.com,female,1991-02-16,141.4.74.192
Annabelle,Li,annabelle.li@example.com,female,2003-04-02,196.234.171.194
Rolina,Ubaghs,rolina.ubaghs@example.com,female,1982-12-28,149.110.7.21
Jacob,Pedersen,jacob.pedersen@example.com,male,1993-01-24,90.119.180.231
Amadeu,Barbosa,amadeu.barbosa@example.com,male,1982-04-11,155.246.75.230
Darsh,Mugeraya,darsh.mugeraya@example.com,male,1983-08-10,199.33.181.52
Anatole,Guillaume,anatole.guillaume@example.com,male,1981-12-08,146.28.154.221
Camille,Simon,camille.simon@example.com,female,1993-02-24,176.65.128.175
سهیل,احمدی,shyl.hmdy@example.com,male,1981-05-06,185.108.166.188
Tobias,Tiller,tobias.tiller@example.com,male,1988-09-18,169.81.62.150
Cassandra,Opgård,cassandra.opgard@example.com,female,1995-06-18,149.233.15.33
آرمین,مرادی,armyn.mrdy@example.com,male,2002-12-03,43.214.86.18
Jackson,Cunningham,jackson.cunningham@example.com,male,2007-10-11,186.170.121.219
Julie,Burke,julie.burke@example.com,female,1985-08-30,80.91.99.87
Bently,Chow,bently.chow@example.com,male,1984-11-18,64.18.127.166
Olivia,Hautala,olivia.hautala@example.com,female,2004-02-09,185.124.254.117
Tim,Macrae,tim.macrae@example.com,male,1991-06-03,116.124.125.147
Thomas,Le Gall,thomas.legall@example.com,male,1996-08-18,186.159.216.187
Diovanda,Peixoto,diovanda.peixoto@example.com,female,1995-12-12,141.48.134.32
Mateusz,Karlsson,mateusz.karlsson@example.com,male,1994-12-29,90.184.129.195
Cathy,Peters,cathy.peters@example.com,female,1999-03-01,12.242.231.240
Marina,Ivić,marina.ivic@example.com,female,1993-12-22,24.3.60.55
Luukas,Erkkila,luukas.erkkila@example.com,male,1984-12-08,207.176.189.51
Željko,Mandić,zeljko.mandic@example.com,male,1995-01-28,227.63.156.27
سهیل,نجاتی,shyl.njty@example.com,male,1989-01-22,132.11.8.79
Rad,Chaban,rad.chaban@example.com,male,1981-01-24,167.203.70.216
Pablo,Lefevre,pablo.lefevre@example.com,male,1987-04-08,110.28.149.177
Özkan,Gümüşpala,ozkan.gumuspala@example.com,male,1994-01-10,238.9.225.117
Ella,Jørgensen,ella.jorgensen@example.com,female,1991-09-23,184.148.45.241
Guneet,Mathew,guneet.mathew@example.com,male,2006-05-25,58.246.191.32
Thibault,Fournier,thibault.fournier@example.com,male,1990-10-16,249.11.86.128
Nancy,Arce,nancy.arce@example.com,female,1987-04-04,86.47.110.249
Lauri,Haataja,lauri.haataja@example.com,male,1992-07-06,170.132.16.6
Barry,Fleming,barry.fleming@example.com,male,1998-04-18,255.199.226.105
Rosalie,Zee,rosalie.zee@example.com,female,1999-08-19,219.237.87.63
Silvério,Rocha,silverio.rocha@example.com,male,2005-08-02,75.85.229.145
Salvador,Rivas,salvador.rivas@example.com,male,1985-10-25,15.150.137.152
Anna,Jørgensen,anna.jorgensen@example.com,female,1993-02-05,68.42.171.157
Jonathan,Olsen,jonathan.olsen@example.com,male,1993-06-28,16.93.126.245
Lisa,Harris,lisa.harris@example.com,female,1985-08-07,234.130.60.80
Nihal,Topaloğlu,nihal.topaloglu@example.com,male,1988-07-05,206.143.67.147
Henry,Montgomery,henry.montgomery@example.com,male,1980-02-06,234.55.33.179
Stanley,Johnston,stanley.johnston@example.com,male,2009-12-11,111.7.240.150
Sumaya,Castro,sumaya.castro@example.com,female,2000-04-05,65.155.25.215
Warren,Murray,warren.murray@example.com,male,1996-05-18,212.14.158.77
Bella,Patel,bella.patel@example.com,female,2006-12-18,97.82.232.21
Akseli,Mattila,akseli.mattila@example.com,male,1994-05-13,182.220.168.45
Mina,Trajković,mina.trajkovic@example.com,female,1987-01-02,172.13.186.217
Wendel,Van de Steeg,wendel.vandesteeg@example.com,male,1985-10-27,126.151.82.236
Alfredo,Sullivan,alfredo.sullivan@example.com,male,2001-06-04,208.92.194.115
Yaromil,Krohmal,yaromil.krohmal@example.com,male,1996-08-13,222.5.177.212
Saheli,Bal,saheli.bal@example.com,female,2007-05-16,154.18.156.248
Víctor,Canales,victor.canales@example.com,male,1990-02-17,61.79.18.87
Kahaan,Bal,kahaan.bal@example.com,male,1996-01-28,103.24.185.47
Amelia,Walker,amelia.walker@example.com,female,2007-11-29,89.218.145.193
Marchano,Van Toorn,marchano.vantoorn@example.com,male,1992-09-15,82.92.141.90
Randall,Myers,randall.myers@example.com,male,1980-01-07,253.39.80.78
Gordan,Cvetković,gordan.cvetkovic@example.com,male,1992-07-20,116.129.176.27
Yasemin,Yalçın,yasemin.yalcin@example.com,female,1995-05-13,234.85.53.30
Amanda,Dean,amanda.dean@example.com,female,2008-11-24,136.32.118.178
Leonard,Moreno,leonard.moreno@example.com,male,2007-09-17,70.59.226.57
Kristin,Davis,kristin.davis@example.com,female,1996-01-17,63.249.64.250
Zahar,Borisyuk,zahar.borisyuk@example.com,male,1985-01-04,101.16.50.21
Cursino,Cavalcanti,cursino.cavalcanti@example.com,male,1980-10-21,83.115.49.207
Amanda,Bowman,amanda.bowman@example.com,female,1993-05-12,73.96.62.122
Riad,Pals,riad.pals@example.com,male,2004-02-11,213.247.97.182
Nicolas,Hernández,nicolas.hernandez@example.com,male,1988-01-04,59.25.3.154
Goran,Vujičić,goran.vujicic@example.com,male,1987-06-11,238.21.82.173
Alex,Ramos,alex.ramos@example.com,male,1981-10-10,159.56.59.12
Kübra,Kutlay,kubra.kutlay@example.com,female,1994-08-09,74.155.120.245
Oya,Düşenkalkar,oya.dusenkalkar@example.com,female,1993-07-19,226.173.246.202
Clinton,Allen,clinton.allen@example.com,male,1980-06-26,65.40.208.193
Sanjana,Gupta,sanjana.gupta@example.com,female,1990-04-14,104.23.152.172
Levi,Dixon,levi.dixon@example.com,male,1988-11-29,128.51.86.80
Rob,Van Klooster,rob.vanklooster@example.com,male,2003-04-23,98.90.246.33
Josefina,Jiménez,josefina.jimenez@example.com,female,1986-06-19,74.167.79.56
Aníbal,Pereira,anibal.pereira@example.com,male,1986-07-09,4.246.172.102
Amit,Rao,amit.rao@example.com,male,1997-08-13,6.186.156.167
Annemie,Rudloff,annemie.rudloff@example.com,female,1987-07-20,223.12.101.58
Alfonso,Serrano,alfonso.serrano@example.com,male,1988-03-13,82.184.244.120
Charles,Hart,charles.hart@example.com,male,1999-10-22,204.53.89.118
Eino,Moilanen,eino.moilanen@example.com,male,1981-11-09,19.26.149.15
Edgar,Murphy,edgar.murphy@example.com,male,2004-07-15,23.54.83.186
یاسمین,گلشن,ysmyn.glshn@example.com,female,2004-05-21,160.244.7.178
Amar,Heskestad,amar.heskestad@example.com,male,2004-03-31,125.123.91.204
Iva,Vuksanović,iva.vuksanovic@example.com,female,1984-07-13,228.47.236.86
Abhishek,Das,abhishek.das@example.com,male,1989-08-05,206.223.81.229
Nadiah,Wijnholds,nadiah.wijnholds@example.com,female,1984-10-31,179.68.142.13
Arseniy,Sinyak,arseniy.sinyak@example.com,male,2002-01-26,16.72.228.241
Katarina,Pejaković,katarina.pejakovic@example.com,female,1987-06-11,104.240.127.151
Brandon,Hansen,brandon.hansen@example.com,male,2004-01-09,255.154.255.220
Erica,Rosenberg,erica.rosenberg@example.com,female,2000-04-08,193.194.35.32
Liesel,Erhard,liesel.erhard@example.com,female,1993-02-16,195.152.134.168
Dick,Lawson,dick.lawson@example.com,male,1991-05-07,168.18.212.232
Rose,Rocha,rose.rocha@example.com,female,1988-03-30,63.200.119.168
Magnus,Olsen,magnus.olsen@example.com,male,2006-10-23,2.102.35.235
Lily,Lawson,lily.lawson@example.com,female,1988-12-27,117.131.59.9
Patricia,Santiago,patricia.santiago@example.com,female,1997-03-14,152.131.149.19
Dulce,Nunes,dulce.nunes@example.com,female,2009-05-20,79.186.218.238
Billie,Richards,billie.richards@example.com,female,1981-06-20,210.51.99.237
Eline,Da Silva,eline.dasilva@example.com,female,2006-03-28,132.170.55.184
Susan,Warren,susan.warren@example.com,female,2008-10-08,241.56.189.174
Romilda,Silveira,romilda.silveira@example.com,female,2002-07-14,171.157.38.159
Laura,Kelly,laura.kelly@example.com,female,1988-07-04,214.153.13.32
Rosa,Ehlert,rosa.ehlert@example.com,female,2009-04-06,134.24.21.53
Roberto,White,roberto.white@example.com,male,1986-02-21,169.130.44.120
Todd,Sutton,todd.sutton@example.com,male,1996-05-11,250.92.196.173
Stephen,Vidal,stephen.vidal@example.com,male,1997-10-29,29.98.54.228
Eloy,Amador,eloy.amador@example.com,male,1990-12-05,126.98.52.112
Jadwiga,Adolph,jadwiga.adolph@example.com,female,1995-08-14,187.52.135.214
Magnus,Christiansen,magnus.christiansen@example.com,male,1990-11-06,243.255.93.68
Felix,Bowman,felix.bowman@example.com,male,1997-09-06,108.212.166.180
اميرعلي,رضایی,myraaly.rdyy@example.com,male,2007-06-02,186.154.72.225
Ömür,Eliçin,omur.elicin@example.com,female,1992-12-29,247.30.33.82
Jayanth,Jain,jayanth.jain@example.com,male,1993-03-26,190.231.31.207
Alicia,Nicolas,alicia.nicolas@example.com,female,2007-02-05,23.184.104.130
نيما,حیدری,nym.hydry@example.com,male,2003-01-18,222.207.160.72
Bérénice,Gerard,berenice.gerard@example.com,female,2007-09-02,207.239.252.188
Ellie,Weaver,ellie.weaver@example.com,female,1985-10-16,96.162.149.165
Albert,Hansen,albert.hansen@example.com,male,1989-12-15,160.185.47.248
Marius,Olsen,marius.olsen@example.com,male,1985-03-06,93.158.85.12
محمد,سلطانی نژاد,mhmd.sltnynjd@example.com,male,1947-08-24,45.149.79.150
Helena,Fischer,helena.fischer@example.com,female,2001-12-08,63.67.90.28
Maud,Van Mourik,maud.vanmourik@example.com,female,1992-02-06,160.254.99.97
Britney,Watkins,britney.watkins@example.com,female,1996-12-03,18.222.254.223
María,Rubio,maria.rubio@example.com,female,1980-07-09,31.0.77.228
Debra,Adams,debra.adams@example.com,female,1995-05-22,156.54.80.196
Joona,Wallo,joona.wallo@example.com,male,2007-11-04,233.53.198.23
Miško,Živanović,misko.zivanovic@example.com,male,1992-07-28,105.87.1.83
Anmol,Almeida,anmol.almeida@example.com,male,1981-03-23,80.60.92.247
Vlast,Shepticka,vlast.shepticka@example.com,male,1994-01-10,181.231.117.107
